,Normal Average,PseudoRGB Average,Improvement (%)
Mean_Train_Loss,0.2640396259801302,0.2572354411114695,-2.576955956289957
Mean_Train_Accuracy,0.8925680730075719,0.8954904732299893,0.32741482815648704
Mean_Val_Loss,0.6204378873449838,0.7100656402646683,14.445886485627938
Mean_Val_Accuracy,0.8154724411763518,0.8139632612631924,-0.18506816870258674
Total_Training_Time_Minutes,1527.6612482015294,1975.3241060312587,29.303803991673522
Test_Loss,0.1765341363847255,0.14816958457231516,-16.067460035375102
Test_Accuracy,0.9394999980926514,0.946750009059906,0.7716882365059524
