,Normal Average,PseudoRGB Average,Improvement (%)
Mean_Train_Loss,0.27998287607196704,0.27936975845604833,-0.2189839694914431
Mean_Train_Accuracy,0.8850189849858872,0.8852901754933573,0.030642337856117093
Mean_Val_Loss,0.6806001584351216,0.806751082076693,18.535247469178604
Mean_Val_Accuracy,0.8051818963022854,0.7976415757710165,-0.9364741763193019
Total_Training_Time_Minutes,1702.866254880031,2162.045721269647,26.96509282944043
Test_Loss,0.20546372607350344,0.16434166952967638,-20.014265938658138
Test_Accuracy,0.9290625005960464,0.939687505364418,1.1436264795484736
